Project Name,Package Name,Type Name,Method Name,Test Smell,Cause of the Smell
spring-cloud-alibaba,com.alibaba.cloud.examples,RestTemplateApplicationTest,runWithSpringAotModeAfterProcessAot,Missing assertion,The tool detected the smell in this test method because the test doesn't have any assertion.
spring-cloud-alibaba,com.alibaba.cloud.sentinel.datasource,ApolloDataSourceFactoryBeanTests,testApolloFactoryBean,Assertion roulette,The tool detected the smell in this test method because the test uses multiple assertion in the test. Total number of assertions in the test are: 6
spring-cloud-alibaba,com.alibaba.cloud.sentinel.datasource,ApolloDataSourceFactoryBeanTests,testApolloFactoryBean,Eager test,The tool detected the smell in this test method because the test checks the results of more than one method from class under test. The called methods are: com.alibaba.cloud.sentinel.datasource.factorybean.ApolloDataSourceFactoryBean.setNamespaceName; com.alibaba.cloud.sentinel.datasource.factorybean.ApolloDataSourceFactoryBean.getDefaultFlowRuleValue; com.alibaba.cloud.sentinel.datasource.factorybean.ApolloDataSourceFactoryBean.setDefaultFlowRuleValue; com.alibaba.cloud.sentinel.datasource.factorybean.ApolloDataSourceFactoryBean.setConverter; com.alibaba.cloud.sentinel.datasource.factorybean.ApolloDataSourceFactoryBean.getObject; com.alibaba.cloud.sentinel.datasource.factorybean.ApolloDataSourceFactoryBean.getNamespaceName; com.alibaba.cloud.sentinel.datasource.factorybean.ApolloDataSourceFactoryBean.setFlowRulesKey; com.alibaba.cloud.sentinel.datasource.factorybean.ApolloDataSourceFactoryBean.getFlowRulesKey; com.alibaba.cloud.sentinel.datasource.factorybean.ApolloDataSourceFactoryBean.getConverter
spring-cloud-alibaba,com.alibaba.cloud.sentinel.datasource,DataSourcePropertiesConfigurationTests,testGetValidField,Assertion roulette,The tool detected the smell in this test method because the test uses multiple assertion in the test. Total number of assertions in the test are: 3
spring-cloud-alibaba,com.alibaba.cloud.sentinel.datasource,DataSourcePropertiesConfigurationTests,testGetValidField,Eager test,The tool detected the smell in this test method because the test checks the results of more than one method from class under test. The called methods are: com.alibaba.cloud.sentinel.datasource.config.ApolloDataSourceProperties.setNamespaceName; com.alibaba.cloud.sentinel.datasource.config.ApolloDataSourceProperties.setDefaultFlowRuleValue; com.alibaba.cloud.sentinel.datasource.config.AbstractDataSourceProperties.setRuleType; com.alibaba.cloud.sentinel.datasource.config.DataSourcePropertiesConfiguration.setApollo; com.alibaba.cloud.sentinel.datasource.config.DataSourcePropertiesConfiguration.getValidField; com.alibaba.cloud.sentinel.datasource.config.AbstractDataSourceProperties.setDataType; com.alibaba.cloud.sentinel.datasource.config.ApolloDataSourceProperties.setFlowRulesKey
spring-cloud-alibaba,com.alibaba.cloud.sentinel.datasource,DataSourcePropertiesTests,testApollo,Assertion roulette,The tool detected the smell in this test method because the test uses multiple assertion in the test. Total number of assertions in the test are: 7
spring-cloud-alibaba,com.alibaba.cloud.sentinel.datasource,DataSourcePropertiesTests,testApollo,Eager test,The tool detected the smell in this test method because the test checks the results of more than one method from class under test. The called methods are: com.alibaba.cloud.sentinel.datasource.config.ApolloDataSourceProperties.setDefaultFlowRuleValue; com.alibaba.cloud.sentinel.datasource.config.ApolloDataSourceProperties.setNamespaceName; com.alibaba.cloud.sentinel.datasource.config.AbstractDataSourceProperties.getRuleType; com.alibaba.cloud.sentinel.datasource.config.AbstractDataSourceProperties.getFactoryBeanName; com.alibaba.cloud.sentinel.datasource.config.AbstractDataSourceProperties.setRuleType; com.alibaba.cloud.sentinel.datasource.config.ApolloDataSourceProperties.getFlowRulesKey; com.alibaba.cloud.sentinel.datasource.config.AbstractDataSourceProperties.getDataType; com.alibaba.cloud.sentinel.datasource.config.ApolloDataSourceProperties.setFlowRulesKey; com.alibaba.cloud.sentinel.datasource.config.ApolloDataSourceProperties.getNamespaceName; com.alibaba.cloud.sentinel.datasource.config.ApolloDataSourceProperties.getDefaultFlowRuleValue; com.alibaba.cloud.sentinel.datasource.config.AbstractDataSourceProperties.getConverterClass
spring-cloud-alibaba,com.alibaba.cloud.sentinel.datasource,DataSourcePropertiesTests,testZK,Assertion roulette,The tool detected the smell in this test method because the test uses multiple assertion in the test. Total number of assertions in the test are: 7
spring-cloud-alibaba,com.alibaba.cloud.sentinel.datasource,DataSourcePropertiesTests,testZK,Eager test,The tool detected the smell in this test method because the test checks the results of more than one method from class under test. The called methods are: com.alibaba.cloud.sentinel.datasource.config.ZookeeperDataSourceProperties.getDataId; com.alibaba.cloud.sentinel.datasource.config.ZookeeperDataSourceProperties.getServerAddr; com.alibaba.cloud.sentinel.datasource.config.AbstractDataSourceProperties.setConverterClass; com.alibaba.cloud.sentinel.datasource.config.AbstractDataSourceProperties.getFactoryBeanName; com.alibaba.cloud.sentinel.datasource.config.AbstractDataSourceProperties.getRuleType; com.alibaba.cloud.sentinel.datasource.config.ZookeeperDataSourceProperties.setDataId; com.alibaba.cloud.sentinel.datasource.config.ZookeeperDataSourceProperties.setPath; com.alibaba.cloud.sentinel.datasource.config.AbstractDataSourceProperties.setRuleType; com.alibaba.cloud.sentinel.datasource.config.ZookeeperDataSourceProperties.setServerAddr; com.alibaba.cloud.sentinel.datasource.config.ZookeeperDataSourceProperties.getPath; com.alibaba.cloud.sentinel.datasource.config.ZookeeperDataSourceProperties.getGroupId; com.alibaba.cloud.sentinel.datasource.config.ZookeeperDataSourceProperties.setGroupId; com.alibaba.cloud.sentinel.datasource.config.AbstractDataSourceProperties.getConverterClass
spring-cloud-alibaba,com.alibaba.cloud.sentinel.datasource,DataSourcePropertiesTests,testFileDefaultValue,Assertion roulette,The tool detected the smell in this test method because the test uses multiple assertion in the test. Total number of assertions in the test are: 6
spring-cloud-alibaba,com.alibaba.cloud.sentinel.datasource,DataSourcePropertiesTests,testFileDefaultValue,Eager test,The tool detected the smell in this test method because the test checks the results of more than one method from class under test. The called methods are: com.alibaba.cloud.sentinel.datasource.config.FileDataSourceProperties.getRecommendRefreshMs; com.alibaba.cloud.sentinel.datasource.config.AbstractDataSourceProperties.getFactoryBeanName; com.alibaba.cloud.sentinel.datasource.config.AbstractDataSourceProperties.getRuleType; com.alibaba.cloud.sentinel.datasource.config.AbstractDataSourceProperties.setRuleType; com.alibaba.cloud.sentinel.datasource.config.FileDataSourceProperties.getBufSize; com.alibaba.cloud.sentinel.datasource.config.FileDataSourceProperties.setFile; com.alibaba.cloud.sentinel.datasource.config.FileDataSourceProperties.getFile; com.alibaba.cloud.sentinel.datasource.config.FileDataSourceProperties.getCharset
spring-cloud-alibaba,com.alibaba.cloud.sentinel.datasource,DataSourcePropertiesTests,testFileCustomValue,Assertion roulette,The tool detected the smell in this test method because the test uses multiple assertion in the test. Total number of assertions in the test are: 4
spring-cloud-alibaba,com.alibaba.cloud.sentinel.datasource,DataSourcePropertiesTests,testFileCustomValue,Eager test,The tool detected the smell in this test method because the test checks the results of more than one method from class under test. The called methods are: com.alibaba.cloud.sentinel.datasource.config.FileDataSourceProperties.getRecommendRefreshMs; com.alibaba.cloud.sentinel.datasource.config.FileDataSourceProperties.setCharset; com.alibaba.cloud.sentinel.datasource.config.FileDataSourceProperties.setRecommendRefreshMs; com.alibaba.cloud.sentinel.datasource.config.FileDataSourceProperties.getBufSize; com.alibaba.cloud.sentinel.datasource.config.FileDataSourceProperties.setFile; com.alibaba.cloud.sentinel.datasource.config.FileDataSourceProperties.getFile; com.alibaba.cloud.sentinel.datasource.config.FileDataSourceProperties.getCharset; com.alibaba.cloud.sentinel.datasource.config.FileDataSourceProperties.setBufSize
spring-cloud-alibaba,com.alibaba.cloud.sentinel.datasource,FileRefreshableDataSourceFactoryBeanTests,testFile,Assertion roulette,The tool detected the smell in this test method because the test uses multiple assertion in the test. Total number of assertions in the test are: 7
spring-cloud-alibaba,com.alibaba.cloud.sentinel.datasource,FileRefreshableDataSourceFactoryBeanTests,testFile,Eager test,The tool detected the smell in this test method because the test checks the results of more than one method from class under test. The called methods are: com.alibaba.cloud.sentinel.datasource.factorybean.FileRefreshableDataSourceFactoryBean.getConverter; com.alibaba.cloud.sentinel.datasource.factorybean.FileRefreshableDataSourceFactoryBean.getCharset; com.alibaba.cloud.sentinel.datasource.factorybean.FileRefreshableDataSourceFactoryBean.getRecommendRefreshMs; com.alibaba.cloud.sentinel.datasource.factorybean.FileRefreshableDataSourceFactoryBean.getFile; com.alibaba.cloud.sentinel.datasource.factorybean.FileRefreshableDataSourceFactoryBean.getBufSize
spring-cloud-alibaba,com.alibaba.cloud.sentinel.datasource,NacosDataSourceFactoryBeanTests,testNacosFactoryBeanServerAddr,Assertion roulette,The tool detected the smell in this test method because the test uses multiple assertion in the test. Total number of assertions in the test are: 7
spring-cloud-alibaba,com.alibaba.cloud.sentinel.datasource,NacosDataSourceFactoryBeanTests,testNacosFactoryBeanServerAddr,Eager test,The tool detected the smell in this test method because the test checks the results of more than one method from class under test. The called methods are: com.alibaba.cloud.sentinel.datasource.factorybean.NacosDataSourceFactoryBean.getDataId; com.alibaba.cloud.sentinel.datasource.factorybean.NacosDataSourceFactoryBean.getObject; com.alibaba.cloud.sentinel.datasource.factorybean.NacosDataSourceFactoryBean.setServerAddr; com.alibaba.cloud.sentinel.datasource.factorybean.NacosDataSourceFactoryBean.setDataId; com.alibaba.cloud.sentinel.datasource.factorybean.NacosDataSourceFactoryBean.setConverter; com.alibaba.cloud.sentinel.datasource.factorybean.NacosDataSourceFactoryBean.getServerAddr; com.alibaba.cloud.sentinel.datasource.factorybean.NacosDataSourceFactoryBean.getContextPath; com.alibaba.cloud.sentinel.datasource.factorybean.NacosDataSourceFactoryBean.getGroupId; com.alibaba.cloud.sentinel.datasource.factorybean.NacosDataSourceFactoryBean.setGroupId; com.alibaba.cloud.sentinel.datasource.factorybean.NacosDataSourceFactoryBean.getConverter; com.alibaba.cloud.sentinel.datasource.factorybean.NacosDataSourceFactoryBean.setContextPath
spring-cloud-alibaba,com.alibaba.cloud.sentinel.datasource,NacosDataSourceFactoryBeanTests,testNacosFactoryBeanProperties,Assertion roulette,The tool detected the smell in this test method because the test uses multiple assertion in the test. Total number of assertions in the test are: 9
spring-cloud-alibaba,com.alibaba.cloud.sentinel.datasource,NacosDataSourceFactoryBeanTests,testNacosFactoryBeanProperties,Eager test,The tool detected the smell in this test method because the test checks the results of more than one method from class under test. The called methods are: com.alibaba.cloud.sentinel.datasource.factorybean.NacosDataSourceFactoryBean.getNamespace; com.alibaba.cloud.sentinel.datasource.factorybean.NacosDataSourceFactoryBean.setDataId; com.alibaba.cloud.sentinel.datasource.factorybean.NacosDataSourceFactoryBean.setConverter; com.alibaba.cloud.sentinel.datasource.factorybean.NacosDataSourceFactoryBean.setGroupId; com.alibaba.cloud.sentinel.datasource.factorybean.NacosDataSourceFactoryBean.getAccessKey; com.alibaba.cloud.sentinel.datasource.factorybean.NacosDataSourceFactoryBean.getConverter; com.alibaba.cloud.sentinel.datasource.factorybean.NacosDataSourceFactoryBean.getSecretKey; com.alibaba.cloud.sentinel.datasource.factorybean.NacosDataSourceFactoryBean.setNamespace; com.alibaba.cloud.sentinel.datasource.factorybean.NacosDataSourceFactoryBean.setAccessKey; com.alibaba.cloud.sentinel.datasource.factorybean.NacosDataSourceFactoryBean.getEndpoint; com.alibaba.cloud.sentinel.datasource.factorybean.NacosDataSourceFactoryBean.getDataId; com.alibaba.cloud.sentinel.datasource.factorybean.NacosDataSourceFactoryBean.getObject; com.alibaba.cloud.sentinel.datasource.factorybean.NacosDataSourceFactoryBean.getGroupId; com.alibaba.cloud.sentinel.datasource.factorybean.NacosDataSourceFactoryBean.setEndpoint; com.alibaba.cloud.sentinel.datasource.factorybean.NacosDataSourceFactoryBean.setSecretKey
spring-cloud-alibaba,com.alibaba.cloud.sentinel.datasource,NacosDataSourcePropertiesTests,testNacosWithAddr,Assertion roulette,The tool detected the smell in this test method because the test uses multiple assertion in the test. Total number of assertions in the test are: 6
spring-cloud-alibaba,com.alibaba.cloud.sentinel.datasource,NacosDataSourcePropertiesTests,testNacosWithAddr,Eager test,The tool detected the smell in this test method because the test checks the results of more than one method from class under test. The called methods are: com.alibaba.cloud.sentinel.datasource.config.NacosDataSourceProperties.getDataId; com.alibaba.cloud.sentinel.datasource.config.AbstractDataSourceProperties.getRuleType; com.alibaba.cloud.sentinel.datasource.config.AbstractDataSourceProperties.getFactoryBeanName; com.alibaba.cloud.sentinel.datasource.config.AbstractDataSourceProperties.setRuleType; com.alibaba.cloud.sentinel.datasource.config.NacosDataSourceProperties.getGroupId; com.alibaba.cloud.sentinel.datasource.config.NacosDataSourceProperties.setGroupId; com.alibaba.cloud.sentinel.datasource.config.NacosDataSourceProperties.getContextPath; com.alibaba.cloud.sentinel.datasource.config.AbstractDataSourceProperties.getDataType; com.alibaba.cloud.sentinel.datasource.config.NacosDataSourceProperties.setServerAddr; com.alibaba.cloud.sentinel.datasource.config.AbstractDataSourceProperties.setDataType; com.alibaba.cloud.sentinel.datasource.config.NacosDataSourceProperties.setContextPath; com.alibaba.cloud.sentinel.datasource.config.NacosDataSourceProperties.setDataId
spring-cloud-alibaba,com.alibaba.cloud.sentinel.datasource,NacosDataSourcePropertiesTests,testNacosWithProperties,Assertion roulette,The tool detected the smell in this test method because the test uses multiple assertion in the test. Total number of assertions in the test are: 5
spring-cloud-alibaba,com.alibaba.cloud.sentinel.datasource,NacosDataSourcePropertiesTests,testNacosWithProperties,Eager test,The tool detected the smell in this test method because the test checks the results of more than one method from class under test. The called methods are: com.alibaba.cloud.sentinel.datasource.config.NacosDataSourceProperties.setAccessKey; com.alibaba.cloud.sentinel.datasource.config.AbstractDataSourceProperties.getRuleType; com.alibaba.cloud.sentinel.datasource.config.NacosDataSourceProperties.setSecretKey; com.alibaba.cloud.sentinel.datasource.config.AbstractDataSourceProperties.setRuleType; com.alibaba.cloud.sentinel.datasource.config.NacosDataSourceProperties.getAccessKey; com.alibaba.cloud.sentinel.datasource.config.NacosDataSourceProperties.getSecretKey; com.alibaba.cloud.sentinel.datasource.config.NacosDataSourceProperties.getEndpoint; com.alibaba.cloud.sentinel.datasource.config.NacosDataSourceProperties.setEndpoint; com.alibaba.cloud.sentinel.datasource.config.NacosDataSourceProperties.getNamespace; com.alibaba.cloud.sentinel.datasource.config.NacosDataSourceProperties.setNamespace
spring-cloud-alibaba,com.alibaba.cloud.sentinel.datasource,RuleTypeTests,testGetByName,Assertion roulette,The tool detected the smell in this test method because the test uses multiple assertion in the test. Total number of assertions in the test are: 15
spring-cloud-alibaba,com.alibaba.cloud.sentinel.datasource,RuleTypeTests,testGetByClass,Assertion roulette,The tool detected the smell in this test method because the test uses multiple assertion in the test. Total number of assertions in the test are: 7
spring-cloud-alibaba,com.alibaba.cloud.sentinel.datasource,SentinelConverterTests,testJsonConverter,Assertion roulette,The tool detected the smell in this test method because the test uses multiple assertion in the test. Total number of assertions in the test are: 7
spring-cloud-alibaba,com.alibaba.cloud.sentinel.datasource,SentinelConverterTests,testXmlConverter,Assertion roulette,The tool detected the smell in this test method because the test uses multiple assertion in the test. Total number of assertions in the test are: 13
spring-cloud-alibaba,com.alibaba.cloud.sentinel.datasource,ZookeeperDataSourceFactoryBeanTests,testZKWithoutPathFactoryBean,Assertion roulette,The tool detected the smell in this test method because the test uses multiple assertion in the test. Total number of assertions in the test are: 6
spring-cloud-alibaba,com.alibaba.cloud.sentinel.datasource,ZookeeperDataSourceFactoryBeanTests,testZKWithoutPathFactoryBean,Eager test,The tool detected the smell in this test method because the test checks the results of more than one method from class under test. The called methods are: com.alibaba.cloud.sentinel.datasource.factorybean.ZookeeperDataSourceFactoryBean.setConverter; com.alibaba.cloud.sentinel.datasource.factorybean.ZookeeperDataSourceFactoryBean.setGroupId; com.alibaba.cloud.sentinel.datasource.factorybean.ZookeeperDataSourceFactoryBean.getDataId; com.alibaba.cloud.sentinel.datasource.factorybean.ZookeeperDataSourceFactoryBean.getObject; com.alibaba.cloud.sentinel.datasource.factorybean.ZookeeperDataSourceFactoryBean.getConverter; com.alibaba.cloud.sentinel.datasource.factorybean.ZookeeperDataSourceFactoryBean.setServerAddr; com.alibaba.cloud.sentinel.datasource.factorybean.ZookeeperDataSourceFactoryBean.setDataId; com.alibaba.cloud.sentinel.datasource.factorybean.ZookeeperDataSourceFactoryBean.getGroupId; com.alibaba.cloud.sentinel.datasource.factorybean.ZookeeperDataSourceFactoryBean.getServerAddr
spring-cloud-alibaba,com.alibaba.cloud.sentinel.datasource,ZookeeperDataSourceFactoryBeanTests,testZKWithPathFactoryBean,Assertion roulette,The tool detected the smell in this test method because the test uses multiple assertion in the test. Total number of assertions in the test are: 5
spring-cloud-alibaba,com.alibaba.cloud.sentinel.datasource,ZookeeperDataSourceFactoryBeanTests,testZKWithPathFactoryBean,Eager test,The tool detected the smell in this test method because the test checks the results of more than one method from class under test. The called methods are: com.alibaba.cloud.sentinel.datasource.factorybean.ZookeeperDataSourceFactoryBean.setConverter; com.alibaba.cloud.sentinel.datasource.factorybean.ZookeeperDataSourceFactoryBean.setPath; com.alibaba.cloud.sentinel.datasource.factorybean.ZookeeperDataSourceFactoryBean.getObject; com.alibaba.cloud.sentinel.datasource.factorybean.ZookeeperDataSourceFactoryBean.getConverter; com.alibaba.cloud.sentinel.datasource.factorybean.ZookeeperDataSourceFactoryBean.setServerAddr; com.alibaba.cloud.sentinel.datasource.factorybean.ZookeeperDataSourceFactoryBean.getPath; com.alibaba.cloud.sentinel.datasource.factorybean.ZookeeperDataSourceFactoryBean.getServerAddr
spring-cloud-alibaba,com.alibaba.cloud.circuitbreaker.sentinel.feign,FeignClientCircuitBreakerRuleIntegrationTest,testDefaultRule,Assertion roulette,The tool detected the smell in this test method because the test uses multiple assertion in the test. Total number of assertions in the test are: 12
spring-cloud-alibaba,com.alibaba.cloud.circuitbreaker.sentinel.feign,FeignClientCircuitBreakerRuleIntegrationTest,testSpecificFeignRule,Assertion roulette,The tool detected the smell in this test method because the test uses multiple assertion in the test. Total number of assertions in the test are: 12
spring-cloud-alibaba,com.alibaba.cloud.circuitbreaker.sentinel.feign,FeignClientCircuitBreakerRuleIntegrationTest,testSpecificFeignMethodRule,Assertion roulette,The tool detected the smell in this test method because the test uses multiple assertion in the test. Total number of assertions in the test are: 11
spring-cloud-alibaba,com.alibaba.cloud.circuitbreaker.sentinel,ReactiveSentinelCircuitBreakerIntegrationTest,test,Missing assertion,The tool detected the smell in this test method because the test doesn't have any assertion.
spring-cloud-alibaba,com.alibaba.cloud.circuitbreaker.sentinel,ReactiveSentinelCircuitBreakerTest,testCreateWithNullRule,Assertion roulette,The tool detected the smell in this test method because the test uses multiple assertion in the test. Total number of assertions in the test are: 2
spring-cloud-alibaba,com.alibaba.cloud.circuitbreaker.sentinel,SentinelCircuitBreakerIntegrationTest,testSlow,Assertion roulette,The tool detected the smell in this test method because the test uses multiple assertion in the test. Total number of assertions in the test are: 10
spring-cloud-alibaba,com.alibaba.cloud.circuitbreaker.sentinel,SentinelCircuitBreakerTest,testCreateDirectlyThenRun,Assertion roulette,The tool detected the smell in this test method because the test uses multiple assertion in the test. Total number of assertions in the test are: 4
spring-cloud-alibaba,com.alibaba.cloud.circuitbreaker.sentinel,SentinelCircuitBreakerTest,testCreateWithNullRule,Assertion roulette,The tool detected the smell in this test method because the test uses multiple assertion in the test. Total number of assertions in the test are: 2
spring-cloud-alibaba,com.alibaba.cloud.circuitbreaker.sentinel,SentinelCircuitBreakerTest,testRunWithFallback,Exceptional handling,The tool detected the smell in this test method because the test throws exception(s) from test (rather than using assertThrows method or expected annotation)
spring-cloud-alibaba,com.alibaba.cloud.nacos.configdata,NacosConfigDataLocationResolverTest,testIsResolvable_givenCorrectPrefix_thenReturnTure,Assertion roulette,The tool detected the smell in this test method because the test uses multiple assertion in the test. Total number of assertions in the test are: 2
spring-cloud-alibaba,com.alibaba.cloud.nacos.configdata,NacosConfigDataLocationResolverTest,testStartWithASlashIsOK,Assertion roulette,The tool detected the smell in this test method because the test uses multiple assertion in the test. Total number of assertions in the test are: 4
spring-cloud-alibaba,com.alibaba.cloud.nacos.configdata,NacosConfigDataLocationResolverTest,whenCustomizeSuffix_thenOverrideDefault,Assertion roulette,The tool detected the smell in this test method because the test uses multiple assertion in the test. Total number of assertions in the test are: 9
spring-cloud-alibaba,com.alibaba.cloud.nacos.configdata,NacosConfigDataLocationResolverTest,testUrisInLocationShouldOverridesProperty,Assertion roulette,The tool detected the smell in this test method because the test uses multiple assertion in the test. Total number of assertions in the test are: 5
spring-cloud-alibaba,com.alibaba.cloud.nacos.configdata,NacosConfigDataLocationResolverTest,testSetCommonPropertiesIsOK,Assertion roulette,The tool detected the smell in this test method because the test uses multiple assertion in the test. Total number of assertions in the test are: 4
spring-cloud-alibaba,com.alibaba.cloud.nacos.configdata,NacosConfigDataLocationResolverTest,testSetCommonPropertiesIsOK,Eager test,The tool detected the smell in this test method because the test checks the results of more than one method from class under test. The called methods are: com.alibaba.cloud.nacos.NacosConfigProperties.getUsername; com.alibaba.cloud.nacos.NacosConfigProperties.getServerAddr; com.alibaba.cloud.nacos.NacosConfigProperties.getPassword; com.alibaba.cloud.nacos.configdata.NacosConfigDataResource.getProperties
spring-cloud-alibaba,com.alibaba.cloud.nacos.configdata,NacosConfigDataLocationResolverTest,testCommonPropertiesHasLowerPriority,Assertion roulette,The tool detected the smell in this test method because the test uses multiple assertion in the test. Total number of assertions in the test are: 4
spring-cloud-alibaba,com.alibaba.cloud.nacos.configdata,NacosConfigDataLocationResolverTest,testCommonPropertiesHasLowerPriority,Eager test,The tool detected the smell in this test method because the test checks the results of more than one method from class under test. The called methods are: com.alibaba.cloud.nacos.NacosConfigProperties.getUsername; com.alibaba.cloud.nacos.NacosConfigProperties.getServerAddr; com.alibaba.cloud.nacos.NacosConfigProperties.getPassword; com.alibaba.cloud.nacos.configdata.NacosConfigDataResource.getProperties
spring-cloud-alibaba,com.alibaba.cloud.nacos.configdata,NacosConfigDataLocationResolverTest,whenNoneInBootstrapContext_thenCreateNewConfigClientProperties,Assertion roulette,The tool detected the smell in this test method because the test uses multiple assertion in the test. Total number of assertions in the test are: 3
spring-cloud-alibaba,com.alibaba.cloud.nacos.configdata,NacosConfigDataLocationResolverTest,whenNoneInBootstrapContext_thenCreateNewConfigClientProperties,Eager test,The tool detected the smell in this test method because the test checks the results of more than one method from class under test. The called methods are: com.alibaba.cloud.nacos.configdata.NacosConfigDataLocationResolver.resolveProfileSpecific; com.alibaba.cloud.nacos.configdata.NacosConfigDataResource.getConfig
spring-cloud-alibaba,com.alibaba.cloud.nacos.endpoint,NacosConfigEndpointTests,contextLoads,Missing assertion,The tool detected the smell in this test method because the test doesn't have any assertion.
spring-cloud-alibaba,com.alibaba.cloud.nacos,NacosConfigAutoConfigurationTest,noImports_thenCreateProperties,Assertion roulette,The tool detected the smell in this test method because the test uses multiple assertion in the test. Total number of assertions in the test are: 2
spring-cloud-alibaba,com.alibaba.cloud.nacos,NacosConfigAutoConfigurationTest,imports_thenNoCreateProperties,Assertion roulette,The tool detected the smell in this test method because the test uses multiple assertion in the test. Total number of assertions in the test are: 2
spring-cloud-alibaba,com.alibaba.cloud.nacos,NacosConfigurationExtConfigTests,contextLoads,Assertion roulette,The tool detected the smell in this test method because the test uses multiple assertion in the test. Total number of assertions in the test are: 6
spring-cloud-alibaba,com.alibaba.cloud.nacos,NacosConfigurationNewTest,contextLoads,Assertion roulette,The tool detected the smell in this test method because the test uses multiple assertion in the test. Total number of assertions in the test are: 2
spring-cloud-alibaba,com.alibaba.cloud.nacos,NacosConfigurationNoSuffixTest,contextLoads,Assertion roulette,The tool detected the smell in this test method because the test uses multiple assertion in the test. Total number of assertions in the test are: 2
spring-cloud-alibaba,com.alibaba.cloud.nacos,NacosConfigurationTests,contextLoads,Assertion roulette,The tool detected the smell in this test method because the test uses multiple assertion in the test. Total number of assertions in the test are: 2
spring-cloud-alibaba,com.alibaba.cloud.nacos,NacosConfigurationXmlJsonTest,contextLoads,Assertion roulette,The tool detected the smell in this test method because the test uses multiple assertion in the test. Total number of assertions in the test are: 2
spring-cloud-alibaba,com.alibaba.cloud.nacos,NacosFileExtensionTest,contextLoads,Assertion roulette,The tool detected the smell in this test method because the test uses multiple assertion in the test. Total number of assertions in the test are: 3
spring-cloud-alibaba,com.alibaba.cloud.nacos,SmartConfigurationPropertiesRebinderIntegrationTest,testUsingSmartConfigurationPropertiesRebinder_whenBehaviorIsNotDefault,Assertion roulette,The tool detected the smell in this test method because the test uses multiple assertion in the test. Total number of assertions in the test are: 2
spring-cloud-alibaba,com.alibaba.cloud.nacos.parser,NacosJsonPropertySourceLoaderTests,testJsonPropWithComment,Assertion roulette,The tool detected the smell in this test method because the test uses multiple assertion in the test. Total number of assertions in the test are: 2
spring-cloud-alibaba,com.alibaba.cloud.nacos.discovery,NacosDiscoveryAutoConfigurationTests,testDefaultInitialization,Assertion roulette,The tool detected the smell in this test method because the test uses multiple assertion in the test. Total number of assertions in the test are: 2
spring-cloud-alibaba,com.alibaba.cloud.nacos.discovery,NacosDiscoveryClientConfigurationTest,testDefaultInitialization,Assertion roulette,The tool detected the smell in this test method because the test uses multiple assertion in the test. Total number of assertions in the test are: 2
spring-cloud-alibaba,com.alibaba.cloud.nacos.discovery,NacosDiscoveryClientConfigurationTest,testDiscoveryBlockingDisabled,Assertion roulette,The tool detected the smell in this test method because the test uses multiple assertion in the test. Total number of assertions in the test are: 2
spring-cloud-alibaba,com.alibaba.cloud.nacos.discovery,NacosServiceDiscoveryTest,testGetInstances,Assertion roulette,The tool detected the smell in this test method because the test uses multiple assertion in the test. Total number of assertions in the test are: 7
spring-cloud-alibaba,com.alibaba.cloud.nacos.discovery,NacosServiceDiscoveryTest,testGetInstances,Eager test,The tool detected the smell in this test method because the test checks the results of more than one method from class under test. The called methods are: com.alibaba.cloud.nacos.NacosDiscoveryProperties.getGroup; com.alibaba.cloud.nacos.discovery.NacosServiceDiscovery.getInstances; com.alibaba.cloud.nacos.NacosServiceManager.getNamingService
spring-cloud-alibaba,com.alibaba.cloud.nacos.discovery,NacosServiceDiscoveryTest,testGetServices,Assertion roulette,The tool detected the smell in this test method because the test uses multiple assertion in the test. Total number of assertions in the test are: 4
spring-cloud-alibaba,com.alibaba.cloud.nacos.discovery,NacosServiceDiscoveryTest,testGetServices,Eager test,The tool detected the smell in this test method because the test checks the results of more than one method from class under test. The called methods are: com.alibaba.cloud.nacos.NacosDiscoveryProperties.getGroup; com.alibaba.cloud.nacos.discovery.NacosServiceDiscovery.getServices; com.alibaba.cloud.nacos.NacosServiceManager.getNamingService
spring-cloud-alibaba,com.alibaba.cloud.nacos.discovery.reactive,NacosReactiveDiscoveryClientTests,testGetInstances,Missing assertion,The tool detected the smell in this test method because the test doesn't have any assertion.
spring-cloud-alibaba,com.alibaba.cloud.nacos.discovery.reactive,NacosReactiveDiscoveryClientTests,testGetServices,Missing assertion,The tool detected the smell in this test method because the test doesn't have any assertion.
spring-cloud-alibaba,com.alibaba.cloud.nacos.discovery.reactive,NacosReactiveDiscoveryClientTests,testGetInstancesFailureToleranceEnabled,Missing assertion,The tool detected the smell in this test method because the test doesn't have any assertion.
spring-cloud-alibaba,com.alibaba.cloud.nacos.discovery.reactive,NacosReactiveDiscoveryClientTests,testGetInstancesFailureToleranceDisabled,Missing assertion,The tool detected the smell in this test method because the test doesn't have any assertion.
spring-cloud-alibaba,com.alibaba.cloud.nacos.discovery.reactive,NacosReactiveDiscoveryClientTests,testFailureToleranceEnabled,Missing assertion,The tool detected the smell in this test method because the test doesn't have any assertion.
spring-cloud-alibaba,com.alibaba.cloud.nacos.discovery.reactive,NacosReactiveDiscoveryClientTests,testFailureToleranceDisabled,Missing assertion,The tool detected the smell in this test method because the test doesn't have any assertion.
spring-cloud-alibaba,com.alibaba.cloud.nacos.discovery.reactive,NacosReactiveDiscoveryClientTests,testCacheIsOK,Missing assertion,The tool detected the smell in this test method because the test doesn't have any assertion.
spring-cloud-alibaba,com.alibaba.cloud.nacos.discovery.reactive,NacosReactiveDiscoveryClientTests,testCacheIsOK,Exceptional handling,The tool detected the smell in this test method because the test throws exception(s) from test (rather than using assertThrows method or expected annotation)
spring-cloud-alibaba,com.alibaba.cloud.nacos.registry,NacosAutoServiceRegistrationIpNetworkInterfaceTests,contextLoads,Assertion roulette,The tool detected the smell in this test method because the test uses multiple assertion in the test. Total number of assertions in the test are: 3
spring-cloud-alibaba,com.alibaba.cloud.nacos.registry,NacosAutoServiceRegistrationIpTests,contextLoads,Assertion roulette,The tool detected the smell in this test method because the test uses multiple assertion in the test. Total number of assertions in the test are: 3
spring-cloud-alibaba,com.alibaba.cloud.nacos.registry,NacosAutoServiceRegistrationManagementPortTests,contextLoads,Assertion roulette,The tool detected the smell in this test method because the test uses multiple assertion in the test. Total number of assertions in the test are: 3
spring-cloud-alibaba,com.alibaba.cloud.nacos.registry,NacosAutoServiceRegistrationPortTests,contextLoads,Assertion roulette,The tool detected the smell in this test method because the test uses multiple assertion in the test. Total number of assertions in the test are: 3
spring-cloud-alibaba,com.alibaba.cloud.nacos.registry,NacosAutoServiceRegistrationTests,contextLoads,Assertion roulette,The tool detected the smell in this test method because the test uses multiple assertion in the test. Total number of assertions in the test are: 3
spring-cloud-alibaba,com.alibaba.cloud.sentinel.aot.hint,SentinelProtectInterceptorHintsTest,shouldRegisterHints,Exceptional handling,The tool detected the smell in this test method because the test throws exception(s) from test (rather than using assertThrows method or expected annotation)
spring-cloud-alibaba,com.alibaba.cloud.sentinel.custom,SentinelDataSourceHandlerTests,testParseBeanDefinition,Assertion roulette,The tool detected the smell in this test method because the test uses multiple assertion in the test. Total number of assertions in the test are: 6
spring-cloud-alibaba,com.alibaba.cloud.sentinel.custom,SentinelDataSourceHandlerTests,testParseBeanDefinition,Eager test,The tool detected the smell in this test method because the test checks the results of more than one method from class under test. The called methods are: com.alibaba.cloud.sentinel.custom.SentinelDataSourceHandler.parseBeanDefinition; com.alibaba.cloud.sentinel.datasource.config.ApolloDataSourceProperties.setNamespaceName; com.alibaba.cloud.sentinel.datasource.config.ApolloDataSourceProperties.setDefaultFlowRuleValue; com.alibaba.cloud.sentinel.datasource.config.AbstractDataSourceProperties.setRuleType; com.alibaba.cloud.sentinel.datasource.config.AbstractDataSourceProperties.setDataType; com.alibaba.cloud.sentinel.datasource.config.ApolloDataSourceProperties.setFlowRulesKey
spring-cloud-alibaba,com.alibaba.cloud.sentinel.endpoint,SentinelHealthIndicatorTests,testSentinelNotEnabled,Assertion roulette,The tool detected the smell in this test method because the test uses multiple assertion in the test. Total number of assertions in the test are: 2
spring-cloud-alibaba,com.alibaba.cloud.sentinel.endpoint,SentinelHealthIndicatorTests,testSentinelDashboardNotConfigured,Assertion roulette,The tool detected the smell in this test method because the test uses multiple assertion in the test. Total number of assertions in the test are: 2
spring-cloud-alibaba,com.alibaba.cloud.sentinel.endpoint,SentinelHealthIndicatorTests,testSentinelDashboardConfiguredFailed,Assertion roulette,The tool detected the smell in this test method because the test uses multiple assertion in the test. Total number of assertions in the test are: 2
spring-cloud-alibaba,com.alibaba.cloud.sentinel.endpoint,SentinelHealthIndicatorTests,testSentinelDataSourceSuccess,Assertion roulette,The tool detected the smell in this test method because the test uses multiple assertion in the test. Total number of assertions in the test are: 3
spring-cloud-alibaba,com.alibaba.cloud.sentinel.endpoint,SentinelHealthIndicatorTests,testSentinelDataSourceFailed,Assertion roulette,The tool detected the smell in this test method because the test uses multiple assertion in the test. Total number of assertions in the test are: 3
spring-cloud-alibaba,com.alibaba.cloud.sentinel,ContextIdSentinelFeignTests,testFeignClient,Assertion roulette,The tool detected the smell in this test method because the test uses multiple assertion in the test. Total number of assertions in the test are: 5
spring-cloud-alibaba,com.alibaba.cloud.sentinel,SentinelAutoConfigurationTests,testSentinelSystemProperties,Assertion roulette,The tool detected the smell in this test method because the test uses multiple assertion in the test. Total number of assertions in the test are: 9
spring-cloud-alibaba,com.alibaba.cloud.sentinel,SentinelAutoConfigurationTests,testRestTemplateBlockHandler,Assertion roulette,The tool detected the smell in this test method because the test uses multiple assertion in the test. Total number of assertions in the test are: 6
spring-cloud-alibaba,com.alibaba.cloud.sentinel,SentinelAutoConfigurationTests,testNormalRestTemplate,Assertion roulette,The tool detected the smell in this test method because the test uses multiple assertion in the test. Total number of assertions in the test are: 2
spring-cloud-alibaba,com.alibaba.cloud.sentinel,SentinelBeanAutowiredTests,contextLoads,Assertion roulette,The tool detected the smell in this test method because the test uses multiple assertion in the test. Total number of assertions in the test are: 4
spring-cloud-alibaba,com.alibaba.cloud.sentinel,SentinelBeanAutowiredTests,testBeanAutowired,Assertion roulette,The tool detected the smell in this test method because the test uses multiple assertion in the test. Total number of assertions in the test are: 3
spring-cloud-alibaba,com.alibaba.cloud.sentinel,SentinelDataSourceTests,testDataSource,Assertion roulette,The tool detected the smell in this test method because the test uses multiple assertion in the test. Total number of assertions in the test are: 7
spring-cloud-alibaba,com.alibaba.cloud.sentinel,SentinelDataSourceTests,testDataSource,Eager test,The tool detected the smell in this test method because the test checks the results of more than one method from class under test. The called methods are: com.alibaba.cloud.sentinel.datasource.config.AbstractDataSourceProperties.getRuleType; com.alibaba.cloud.sentinel.SentinelProperties.getDatasource; com.alibaba.cloud.sentinel.datasource.config.DataSourcePropertiesConfiguration.getFile; com.alibaba.cloud.sentinel.datasource.config.DataSourcePropertiesConfiguration.getNacos; com.alibaba.cloud.sentinel.datasource.config.AbstractDataSourceProperties.getDataType; com.alibaba.cloud.sentinel.datasource.config.DataSourcePropertiesConfiguration.getZk; com.alibaba.cloud.sentinel.datasource.config.DataSourcePropertiesConfiguration.getApollo
spring-cloud-alibaba,com.alibaba.cloud.sentinel,SentinelFallbackSupportFactoryBeanTests,shouldRunFallbackFromBeanOrFactoryBean,Assertion roulette,The tool detected the smell in this test method because the test uses multiple assertion in the test. Total number of assertions in the test are: 2
spring-cloud-alibaba,com.alibaba.cloud.sentinel,SentinelFeignLazilyTests,contextLoads,Assertion roulette,The tool detected the smell in this test method because the test uses multiple assertion in the test. Total number of assertions in the test are: 2
spring-cloud-alibaba,com.alibaba.cloud.sentinel,SentinelFeignLazilyTests,testFeignClient,Assertion roulette,The tool detected the smell in this test method because the test uses multiple assertion in the test. Total number of assertions in the test are: 7
spring-cloud-alibaba,com.alibaba.cloud.sentinel,SentinelFeignTests,contextLoads,Assertion roulette,The tool detected the smell in this test method because the test uses multiple assertion in the test. Total number of assertions in the test are: 2
spring-cloud-alibaba,com.alibaba.cloud.sentinel,SentinelFeignTests,testFeignClient,Assertion roulette,The tool detected the smell in this test method because the test uses multiple assertion in the test. Total number of assertions in the test are: 7
spring-cloud-alibaba,com.alibaba.cloud.sentinel,SentinelRestTemplateTests,testNormalWithoutParam,Missing assertion,The tool detected the smell in this test method because the test doesn't have any assertion.
spring-cloud-alibaba,com.alibaba.cloud.stream.binder.rocketmq.aot.hint,RocketMQConsumerPropertiesHintsTests,shouldRegisterHints,Assertion roulette,The tool detected the smell in this test method because the test uses multiple assertion in the test. Total number of assertions in the test are: 4
spring-cloud-alibaba,com.alibaba.cloud.stream.binder.rocketmq.aot.hint,RocketMQConsumerPropertiesHintsTests,shouldRegisterHints,Exceptional handling,The tool detected the smell in this test method because the test throws exception(s) from test (rather than using assertThrows method or expected annotation)
spring-cloud-alibaba,com.alibaba.cloud.stream.binder.rocketmq.aot.hint,RocketMQSpecificPropertiesProviderHintsTests,shouldRegisterHints,Assertion roulette,The tool detected the smell in this test method because the test uses multiple assertion in the test. Total number of assertions in the test are: 5
spring-cloud-alibaba,com.alibaba.cloud.stream.binder.rocketmq.aot.hint,RocketMQSpecificPropertiesProviderHintsTests,shouldRegisterHints,Exceptional handling,The tool detected the smell in this test method because the test throws exception(s) from test (rather than using assertThrows method or expected annotation)
spring-cloud-alibaba,com.alibaba.cloud.stream.binder.rocketmq,RocketMQAutoConfigurationTests,testProperties,Assertion roulette,The tool detected the smell in this test method because the test uses multiple assertion in the test. Total number of assertions in the test are: 4
spring-cloud-alibaba,com.alibaba.cloud.stream.binder.rocketmq,RocketMQMessageChannelBinderTest,createAnymousConsumerEndpoint,Assertion roulette,The tool detected the smell in this test method because the test uses multiple assertion in the test. Total number of assertions in the test are: 2
spring-cloud-alibaba,com.alibaba.cloud.stream.binder.rocketmq,RocketMQMessageConverterSupportTest,convertMessage2MQBlankHeaderTest,Assertion roulette,The tool detected the smell in this test method because the test uses multiple assertion in the test. Total number of assertions in the test are: 2
spring-cloud-alibaba,com.alibaba.cloud.stream.binder.rocketmq,RocketMQAutoConfigurationTests,testProperties,Assertion roulette,The tool detected the smell in this test method because the test uses multiple assertion in the test. Total number of assertions in the test are: 4
spring-cloud-alibaba,com.alibaba.cloud.tests.nacos.config,NacosConfigPropertiesServerAddressBothLevelTests,contextLoads,Assertion roulette,The tool detected the smell in this test method because the test uses multiple assertion in the test. Total number of assertions in the test are: 2
spring-cloud-alibaba,com.alibaba.cloud.tests.nacos.config,NacosConfigPropertiesServerAddressBothLevelTests,contextLoads,Eager test,The tool detected the smell in this test method because the test checks the results of more than one method from class under test. The called methods are: com.alibaba.cloud.nacos.NacosConfigProperties.getServerAddr; com.alibaba.cloud.nacos.NacosConfigManager.getConfigService
spring-cloud-alibaba,com.alibaba.cloud.tests.nacos.config,NacosConfigPropertiesServerAddressTopLevelTests,contextLoads,Assertion roulette,The tool detected the smell in this test method because the test uses multiple assertion in the test. Total number of assertions in the test are: 2
spring-cloud-alibaba,com.alibaba.cloud.tests.nacos.config,NacosConfigPropertiesServerAddressTopLevelTests,contextLoads,Eager test,The tool detected the smell in this test method because the test checks the results of more than one method from class under test. The called methods are: com.alibaba.cloud.nacos.NacosConfigProperties.getServerAddr; com.alibaba.cloud.nacos.NacosConfigManager.getConfigService
spring-cloud-alibaba,com.alibaba.cloud.tests.nacos.config,NacosConfigurationExtConfigTests,contextLoads,Assertion roulette,The tool detected the smell in this test method because the test uses multiple assertion in the test. Total number of assertions in the test are: 2
spring-cloud-alibaba,com.alibaba.cloud.tests.nacos.config,NacosConfigurationExtConfigTests,contextLoads,Eager test,The tool detected the smell in this test method because the test checks the results of more than one method from class under test. The called methods are: com.alibaba.cloud.nacos.NacosConfigProperties.getExtensionConfigs; com.alibaba.cloud.nacos.NacosConfigManager.getConfigService
spring-cloud-alibaba,com.alibaba.cloud.tests.nacos.config,NacosConfigurationTests,contextLoads,Assertion roulette,The tool detected the smell in this test method because the test uses multiple assertion in the test. Total number of assertions in the test are: 9
spring-cloud-alibaba,com.alibaba.cloud.tests.nacos.config,NacosConfigurationTests,contextLoads,Eager test,The tool detected the smell in this test method because the test checks the results of more than one method from class under test. The called methods are: com.alibaba.cloud.nacos.NacosConfigProperties.getUsername; com.alibaba.cloud.nacos.NacosConfigProperties.getEncode; com.alibaba.cloud.nacos.NacosConfigProperties.getServerAddr; com.alibaba.cloud.nacos.NacosConfigProperties.getTimeout; com.alibaba.cloud.nacos.NacosConfigProperties.getSharedConfigs; com.alibaba.cloud.nacos.NacosConfigProperties.getExtensionConfigs; com.alibaba.cloud.nacos.NacosConfigManager.getConfigService; com.alibaba.cloud.nacos.NacosConfigProperties.getFileExtension
spring-cloud-alibaba,com.alibaba.cloud.tests.nacos.config,NacosFileExtensionTest,contextLoads,Assertion roulette,The tool detected the smell in this test method because the test uses multiple assertion in the test. Total number of assertions in the test are: 4
spring-cloud-alibaba,com.alibaba.cloud.tests.nacos.config,NacosFileExtensionTest,contextLoads,Eager test,The tool detected the smell in this test method because the test checks the results of more than one method from class under test. The called methods are: com.alibaba.cloud.nacos.NacosConfigProperties.getUsername; com.alibaba.cloud.nacos.NacosConfigProperties.getServerAddr; com.alibaba.cloud.nacos.NacosConfigManager.getConfigService; com.alibaba.cloud.nacos.NacosConfigProperties.getFileExtension
spring-cloud-alibaba,com.alibaba.cloud.tests.nacos.discovery,NacosDiscoveryTest,testServiceDiscoveryWithRestTemplate,Assertion roulette,The tool detected the smell in this test method because the test uses multiple assertion in the test. Total number of assertions in the test are: 5
spring-cloud-alibaba,com.alibaba.cloud.tests.nacos.discovery,NacosDiscoveryTest,testServiceDiscoveryWithFeignClient,Assertion roulette,The tool detected the smell in this test method because the test uses multiple assertion in the test. Total number of assertions in the test are: 4
spring-cloud-alibaba,com.alibaba.cloud.tests.nacos.discovery,NacosDiscoveryTest,testServiceDiscoveryWithFeignClientUsingSentinelCircuitBreaker,Assertion roulette,The tool detected the smell in this test method because the test uses multiple assertion in the test. Total number of assertions in the test are: 2
spring-cloud-alibaba,com.alibaba.cloud.tests.nacos.discovery,NacosDiscoveryTest,testServiceDiscoveryActuatorEndpoint,Assertion roulette,The tool detected the smell in this test method because the test uses multiple assertion in the test. Total number of assertions in the test are: 2
